record_id,source,row_number,person_id
naukri:1,naukri,1,P00049
naukri:2,naukri,2,P00015
naukri:3,naukri,3,P00059
naukri:4,naukri,4,P00003
naukri:5,naukri,5,P00013
naukri:6,naukri,6,P00066
naukri:7,naukri,7,P00031
naukri:8,naukri,8,P00002
naukri:9,naukri,9,P00010
naukri:10,naukri,10,P00050
naukri:11,naukri,11,P00051
naukri:12,naukri,12,P00029
naukri:13,naukri,13,P00052
naukri:14,naukri,14,P00053
naukri:15,naukri,15,P00006
naukri:16,naukri,16,P00023
naukri:17,naukri,17,P00007
naukri:18,naukri,18,P00011
naukri:19,naukri,19,P00004
naukri:20,naukri,20,P00027
naukri:21,naukri,21,P00054
naukri:22,naukri,22,P00017
naukri:23,naukri,23,P00030
naukri:24,naukri,24,P00055
naukri:25,naukri,25,P00056
naukri:26,naukri,26,P00057
naukri:27,naukri,27,P00058
naukri:28,naukri,28,P00026
naukri:29,naukri,29,P00016
naukri:30,naukri,30,P00019
naukri:31,naukri,31,P00060
naukri:32,naukri,32,P00012
naukri:33,naukri,33,P00018
naukri:34,naukri,34,P00014
naukri:35,naukri,35,P00061
naukri:36,naukri,36,P00062
naukri:37,naukri,37,P00063
naukri:38,naukri,38,P00005
naukri:39,naukri,39,P00028
naukri:40,naukri,40,P00009
naukri:41,naukri,41,P00064
naukri:42,naukri,42,P00065
gig:1,gig,1,P00032
gig:2,gig,2,P00004
gig:3,gig,3,P00005
gig:4,gig,4,P00006
gig:5,gig,5,P00007
gig:6,gig,6,P00009
gig:7,gig,7,P00010
gig:8,gig,8,P00011
gig:9,gig,9,P00013
gig:10,gig,10,P00014
gig:11,gig,11,P00015
gig:12,gig,12,P00033
gig:13,gig,13,P00016
gig:14,gig,14,P00017
gig:15,gig,15,P00018
gig:16,gig,16,P00019
gig:17,gig,17,P00020
gig:18,gig,18,P00034
gig:19,gig,19,P00035
gig:20,gig,20,P00036
gig:21,gig,21,P00037
gig:22,gig,22,P00038
gig:23,gig,23,P00039
gig:24,gig,24,P00040
gig:25,gig,25,P00041
gig:26,gig,26,P00042
gig:27,gig,27,P00043
gig:28,gig,28,P00044
gig:29,gig,29,P00045
gig:30,gig,30,P00046
gig:31,gig,31,P00047
gig:32,gig,32,P00048
cbnexus:1,cbnexus,1,P00001
cbnexus:2,cbnexus,2,P00012
cbnexus:3,cbnexus,3,P00023
cbnexus:4,cbnexus,4,P00026
cbnexus:5,cbnexus,5,P00027
cbnexus:6,cbnexus,6,P00028
cbnexus:7,cbnexus,7,P00029
cbnexus:8,cbnexus,8,P00030
cbnexus:9,cbnexus,9,P00031
cbnexus:10,cbnexus,10,P00002
cbnexus:11,cbnexus,11,P00003
cbnexus:12,cbnexus,12,P00004
cbnexus:13,cbnexus,13,P00005
cbnexus:14,cbnexus,14,P00006
cbnexus:15,cbnexus,15,P00007
cbnexus:16,cbnexus,16,P00008
cbnexus:17,cbnexus,17,P00009
cbnexus:18,cbnexus,18,P00010
cbnexus:19,cbnexus,19,P00011
cbnexus:20,cbnexus,20,P00013
cbnexus:21,cbnexus,21,P00014
cbnexus:22,cbnexus,22,P00015
cbnexus:23,cbnexus,23,P00016
cbnexus:24,cbnexus,24,P00017
cbnexus:25,cbnexus,25,P00018
cbnexus:26,cbnexus,26,P00019
cbnexus:27,cbnexus,27,P00020
cbnexus:28,cbnexus,28,P00021
cbnexus:29,cbnexus,29,P00022
cbnexus:30,cbnexus,30,P00024
cbnexus:31,cbnexus,31,P00025
